카테고리,product,price,rate
라면,[농심] 올리브 짜파게티 (140gx5입),3670,4.95
라면,[농심] 신라면 120gx5입,3670,4.95
라면,오뚜기 진라면 매운맛 120g*5입,3100,4.96
라면,[농심] 육개장 사발면 (86gx6입),4490,4.95
라면,[농심] 안성탕면 5입 625g (125g5입),3280,4.94
라면,오뚜기 진라면 순한맛 120g(5입),3100,4.95
라면,농심 얼큰한 너구리 (120gx5입),4080,4.95
라면,[팔도 Paldo] 비빔면 5입,4200,4.94
라면,[오뚜기] 열라면 5입 (120g*5입),3150,4.95
라면,[삼양] 삼양라면 5입,3150,4.93
라면,농심 신라면 볶음면 131g*4입,3370,4.73
라면,[오뚜기] 스낵면 540g (108g*5입),2360,4.93
라면,오뚜기 오동통면 얼큰한맛 120gX4개,2480,4.94
라면,농심 신라면 건면 5입,4380,4.91
라면,[농심] 신라면 컵 6입 390g (65g6입),4730,4.95
라면,[팔도 Paldo] 왕뚜껑 110g,1000,4.94
라면,[오뚜기] 컵누들(매콤한맛) 37g,1070,4.93
라면,[농심] 김치 사발면 (86gx6),4500,4.94
라면,[농심] 멸치 칼국수(98g5입) 490g,3670,4.91
라면,팔도 틈새라면 빨계떡120g*5입,4400,4.93
라면,농심 사리면 110g*5입,1380,4.91
라면,[농심] 튀김 우동 컵 (62g6입),4740,4.94
라면,농심 배홍동비빔면 4입,3480,4.88
라면,[농심] 튀김우동 큰사발 111g,1030,4.94
라면,No Brand [노브랜드] 짜장라면 5개입,2280,4.85
라면,삼양 불닭볶음면 105g,1240,4.94
라면,[농심] 짜파게티 범벅 (70g6입),4500,4.95
라면,농심 사천짜파게티 4입,3670,4.94
라면,삼양 까르보불닭볶음면 105g,1340,4.94
라면,[팔도] 팔도 도시락 86g,780,4.91
라면,No Brand [노브랜드] 라면 한 그릇 115gx5봉입,1980,4.84
라면,오뚜기 참깨라면 115gX4,4080,4.94
라면,[팔도] 김치 왕뚜껑 110g,1000,4.93
라면,오뚜기 참깨라면 용기 110g,1050,4.94
라면,[삼양] 나가사끼 짬뽕 (115g*5입),3580,4.91
라면,[농심] 오징어 짬뽕 5입 620g (124g5입),4280,4.92
라면,오뚜기 진짬뽕 130gX4입,5980,4.94
라면,오뚜기 진라면 소컵 매운맛(65gX6개),4500,4.95
라면,농심 앵그리짜파구리 큰사발,1320,4.88
라면,농심 생생우동봉지 4입,6980,4.95
라면,[농심] 사리곰탕면 (110gx5입),4280,4.92
라면,오뚜기 컵누들 우동맛,1080,4.92
라면,[삼양] 맛있는 라면 (115g*5입),3580,4.93
라면,[농심] 순한 너구리120gx5입,4080,4.94
라면,[농심] 새우탕 큰사발 115g,1030,4.93
라면,오뚜기 진라면 소컵 순한맛(65gX6개),4500,4.94
라면,농심 무파마탕면 4입,4070,4.91
라면,[농심] 새우탕 컵면 (67g6입),4740,4.94
라면,[농심] 튀김 우동 컵 62g,790,4.94
라면,[삼양] 불닭 볶음면 (140gx5입),4680,4.94
라면,오뚜기 참깨라면 65gx6입,4970,4.96
라면,농심 짜왕 (134g*4입),5300,4.94
라면,No Brand [노브랜드] 육개장컵라면 79g,500,4.88
라면,[농심] 오징어 짬뽕 컵 67g,790,4.94
라면,[농심] 올리브 짜파게티 (140g*5입),3670,4.98
라면,[농심] 사리곰탕 큰사발면 111g,1030,4.93
라면,[삼양]까르보불닭볶음면 520g(130gx4개입),5380,4.93
라면,오뚜기 진비빔면156g*4,3880,4.9
라면,풀무원 자연은맛있다 홍면 4입,3980,4.81
라면,[농심] 신라면 컵 65g,790,4.94
라면,[농심] 새우탕 컵면 67g,790,4.93
라면,[농심]신라면 블랙 536g(4입),5480,4.89
라면,오뚜기 김치라면 4입 480g,2350,4.9
라면,오뚜기 컵누들 매콤찜닭 작은컵 45.5g,1350,4.89
라면,[농심] 신라면 큰사발 114g,1030,4.94
라면,컵누들 잔치쌀국수 컵 34.2g,1080,4.88
라면,삼양 맛있는라면 비건 100g*4입,3580,4.84
라면,[농심] 짜파게티 큰사발면 123g,1030,4.92
라면,팔도 틈새라면 매운김치 120g*5,4600,4.86
라면,농심 신라면120g*20입,14720,4.93
라면,풀무원 자연은맛있다 라면 백면 4입,3980,4.8
라면,[팔도] 짬뽕 왕뚜껑 110g,1000,4.91
라면,농심 앵그리 너구리 5입,3910,4.88
라면,오뚜기 스파게티 150g*4입,3550,4.89
라면,[농심] 육개장 큰사발면 110g,1030,4.92
라면,농심 신라면볶음면 큰사발,1320,4.64
라면,[농심] 무파마탕면 큰사발면 112g,1430,4.91
라면,삼양 크림까르보불닭볶음면 120g,1400,4.9
라면,오뚜기 열라면 용기 105g,950,4.93
라면,농심 신라면건면사발,1240,4.85
라면,오뚜기 진라면 매운맛 용기 6입 (110gX6),5700,4.94
라면,오뚜기 진짬뽕 75gX6입,5580,4.93
라면,오뚜기 크림진짬뽕멀티 130g*4,5480,4.89
라면,No Brand 노브랜드 라면한그릇(얼큰한맛) 5입,2680,4.87
라면,농심 신라면블랙사발 두부김치,1400,4.83
과자,[농심] 새우깡90g,1020,4.95
과자,[롯데] 마가렛트오리지날396g,3950,4.94
과자,오리온 초코송이 36g*2번들,990,4.96
과자,롯데 돼지바x찰떡파이210g,3360,4.85
과자,[해태] 홈런볼초코 5번들 230g,5480,4.96
과자,몽쉘 크림케이크384g,3980,4.94
과자,No Brand 노브랜드 감자칩 오리지날 110g,890,4.9
과자,크라운 옹골진 오곡쿠키 288g,3950,4.9
과자,크라운 참쌀선과 253g,3870,4.95
과자,No Brand 노브랜드 자색고구마칩 110g,980,4.87
과자,[롯데] 칸쵸 196g,1980,4.95
과자,[오리온] 포카칩 오리지널 66g,1170,4.94
과자,[롯데] 빈츠 204g,3360,4.96
과자,[롯데] 꼬깔콘 군옥수수맛 72g,1180,4.95
과자,No Brand 노브랜드 고르곤졸라치즈 소프트콘 145g,1280,4.87
과자,PEACOCK 피코크 나쵸칩 오리지널 100g,1980,4.92
과자,오리온 예감 오리지널 192g,2280,4.95
과자,[해태] 사루비아 통밀 180g,3580,4.9
과자,[크라운] 버터와플 316g,4380,4.95
과자,롯데 아몬드빼빼로132G,3840,4.95
과자,[오리온] 초코파이 정 새로운시작 12팩 468g (39g*12팩),3830,4.95
과자,PEACOCK (G)피코크 유기농 밤그대로 100g*2입,2988,4.88
과자,[오리온] 왕고래밥 56g,980,4.95
과자,No Brand 노브랜드 감자칩 사워크림&어니언 110g,980,4.9
과자,크라운 참쌀설병 270g,3870,4.95
과자,[크라운] 쿠크다스 화이트 토르테 36입 288g,4380,4.95
과자,농심 조청유과 96g,1200,4.94
과자,해태 미니초코칩사브레180g,3550,4.87
과자,농심 양파링 84g,1200,4.94
과자,[농심] 자갈치90g,1200,4.94
과자,[롯데] 칙촉 180g,2980,4.94
과자,오리온 오뜨쇼콜라 300g,3580,4.94
과자,크라운쵸코하임 18개입 284g,4780,4.96
과자,롯데 카스타드 2번들 552G(24입),6980,4.94
과자,[농심] 매운새우깡 90g,990,4.95
과자,오리온 썬 핫 스파이시 맛 135g,1980,4.95
과자,[크라운] 참크래커 280g,3360,4.94
과자,[농심] 포스틱 84g,1200,4.95
과자,[하리보]스타믹스 250g,2980,4.94
과자,해태 에이스 364g,3980,4.96
과자,PEACOCK [피코크] 흰 송편 떡 600g,6980,4.83
과자,해태 허니버터칩4번들 152g,2980,4.94
과자,[농심] 꿀꽈배기 90g,1200,4.94
과자,No Brand 노브랜드 라면스낵 250g,1980,4.8
과자,[하리보]소프트 골드베렌 220g,2980,4.9
과자,[해태] 포키 극세 44g,1180,4.95
과자,[농심] 알새우칩 68g,1180,4.94
과자,오레오 화이트크림 샌드위치 쿠키100g,980,4.95
과자,No Brand 노브랜드 초코 웨이퍼롤 115g,980,4.91
과자,No Brand 노브랜드 카스타드,3180,4.92
과자,해태 오예스미니192g,2870,4.95
과자,해태 구운감자 162g(6입),4320,4.95
과자,[JAJU/자주]신세계인터내셔날 점보 달고나,3500,4.9
과자,농심 오징어집 83g,1200,4.95
과자,몽쉘 카카오케이크 384g,3980,4.93
과자,롯데 칙촉브라우니160g,2980,4.87
과자,[하리보]해피 그레이프 100g,880,4.91
과자,No Brand 노브랜드 버터쿠키 400g,2980,4.88
과자,오리온제과 오리온 감자패밀리팩 180g,3980,4.95
과자,삼립 미니꿀약과 500g,3980,4.93
과자,[크라운] 쿠크다스 비엔나 커피 36입 288g,4380,4.94
과자,[크라운] 마구마구 스낵모음 8팩,2980,4.94
과자,No Brand 노브랜드 초코칩쿠키 400g,3480,4.78
과자,크라운 화이트하임 18개입 284g,4780,4.96
과자,No Brand 노브랜드 고구마형과자 200g,980,4.91
과자,[농심] 감자깡 75g,1180,4.95
과자,오리지날 트윈리필 105g,2980,4.93
과자,오리온 only생감자팩 180g,3980,4.94
과자,[농심] 쌀새우깡 80g,1020,4.92
과자,PEACOCK 피코크 씨솔트 카라멜 & 크림치즈 팝콘 120g,1980,4.88
과자,[농심] 새우깡 400g,3850,4.93
과자,[농심] 닭다리 후라이드치킨맛 66g,1180,4.94
과자,하리보 그레이프프루트(자몽) 100g,880,4.83
과자,(G) 카페 틴 버터쿠키 150g,2400,4.77
과자,해태 오예스 12입 360g,4780,4.95
과자,No Brand 노브랜드 초코파이 420g,1880,4.92
과자,뻥이요302g,2600,4.93
과자,No Brand 노브랜드 인절미스낵 130g,1380,4.86
커피,(쓱배송)  [맥심] 모카골드 마일드 커피믹스 250입,27200,4.95
커피,(쓱배송)  [맥심] 카누 마일드 로스트 아메리카노 미니 150입,25800,4.97
커피,[매일] 바리스타룰스 에스프레소 라떼 250ml,1750,4.94
커피,맥심 (쓱배송)  [맥심] 화이트골드 커피믹스 250입,27200,4.96
커피,[매일] 마이 카페라떼 220ml*6입 기획 (기획랜덤구성),5980,4.94
커피,동서식품(주) [맥심] 카누 마일드 로스트 아메리카노 미니 100입,19000,4.95
커피,[서울우유] 스페셜티 카페라떼 마일드 250ml,1000,4.93
커피,[맥심] TOP 마일드 에스프레소 라떼 300ml,1880,4.9
커피,[맥심] TOP 볼드 에스프레소 라떼 300ml,1880,4.9
커피,[매일] 바리스타룰스 모카프레소 250ml,1750,4.93
커피,맥심 카누  마일드 미니 27g (0.9g*30입),5980,4.95
커피,서울우유 강릉커피 라떼 250ml,1980,4.86
커피,동서식품(주) [맥심]카누 미니 다크 로스트 아메리카노 100입,19000,4.94
커피,No Brand 노브랜드 콜드브루 아메리카노 500m,1880,4.79
커피,[맥심] 모카골드 마일드 커피믹스 (12g*100입),13900,4.93
커피,맥심 슈프림골드 커피믹스 20입,3950,4.83
커피,[서울우유] 스페셜티 카페라떼 모카 250ml,1000,4.92
커피,동서식품(주) [맥심]카누  디카페인 아메리카노 미니 100입,20900,4.95
커피,동서식품(주) [맥심] 모카골드 마일드 커피믹스 180입 (12g*180입) (+20입 or 사은품 랜덤 증정),24650,4.91
커피,레쓰비마일드175ml*12입,3980,4.93
커피,동서식품(주) 카누 돌체라떼 415.2g(24입),8700,4.91
커피,[서울우유] 스페셜티 카페라떼 아포가토 250ml,1000,4.89
커피,[매일]바리스타룰스 블랙 만델링 1L,4380,4.89
커피,빙)스페셜티 탄지나아 킬리만자로 460ml,2200,4.87
커피,동서식품(주) (쓱배송)  [맥심]카누 다크 아메리카노 미니 150입,25800,4.96
커피,동서식품(주) [맥심]카누 디카페인 미니 아메리카노 30입,6160,4.92
커피,[스타벅스] 카페 라떼 200ml,1900,4.94
커피,[맥심]카누더블샷라떼 50입 (13.5g*50개입),16150,4.92
커피,[스타벅스] 더블샷 에스프레소&크림 (200ml*4캔),4780,4.92
커피,빙)스페셜티 에티오피아 예가체프 460ml,2200,4.82
커피,[맥심]카누 라떼 50입 (13.5g*50개입),16150,4.95
커피,동서식품(주) [맥심] 모카골드 마일드 커피믹스 (12g*20입),3170,4.93
커피,[서울우유] 스페셜티 카페라떼 다크 250ml,1000,4.91
커피,[SSG Fresh]10+10+2 하이드로 더치커피 콜드브루 원두커피 30ml,3900,4.85
커피,맥심  화이트골드 커피믹스 (11.7g*50) 585g,7750,4.94
커피,맥심 슈프림골드 커피믹스 100입,17280,4.92
커피,스타벅스 이탈리안스타일 로스트 by 네스프레소 캡슐,7700,4.89
커피,네스카페 돌체구스토 캡슐 아메리카노 30입,15900,4.97
커피,No Brand [노브랜드] 카라멜 마끼아또 300ml,1280,4.88
커피,[맥심] 모카 골드 마일드 (12g*50입),7450,4.93
커피,[매일]바리스타룰스 카라멜 딥 프레소 250ml,1750,4.92
커피,[칸타타] 오리지널 원두커피 프리미엄 라떼 275ml,980,4.92
커피,[매일] 바리스타룰스 블랙 코스타리카 1L,4380,4.88
커피,스타벅스 브렉퍼스트 기획(에코컵&파우치),19800,4.86
커피,동서식품(주) [맥심] 화이트골드 커피믹스 180입 (11.7g*180개) (+20입 or 사은품 랜덤 증정),25400,4.91
커피,일리 클래식로스트 디카페인 미니 1g*30개,8980,4.91
커피,핸디엄 콜드브루커피 케냐AA 500ml,9900,4.86
커피,[한국야쿠르트] 콜드브루 액상스틱 72ml(12ml*6개입),3000,4.89
커피,코카콜라 [조지아] 오리지널 커피 (240ml6개),3680,4.94
커피,맥심카누 다크로스트 아메리카노60입,15480,4.95
커피,[맥심]TOP 마스터라떼 275ml 4+2기획,5860,4.93
커피,[맥심] TOP 더 블랙 275ml,980,4.93
커피,빙)잇츠라떼 쇼콜라모카 320ml,2200,4.89
커피,[칸타타] 스위트 아메리카노 275ml,980,4.92
커피,동서식품(주) [맥심] 화이트골드 커피믹스 (11.7g*20) 234g,3260,4.93
커피,[빙그레] 아카페라 바닐라 라떼 240ml,1000,4.91
커피,PEACOCK 피코크 브라질 세라도 엔와이투 200g (분쇄),4480,4.85
커피,[빙그레] 아카페라 카페라떼 240ml,1000,4.92
커피,PEACOCK 피코크 콜롬비아 안티오키아 수프리모 500g (분쇄),7980,4.83
커피,네스카페 돌체구스토 캡슐 룽고 30입,15900,4.97
커피,PEACOCK 피코크 콜롬비아 안티오키아 수프리모 핸드드립백 10g x 10개(원두커피),7680,4.82
커피,[맥심]TOP 스위트아메리카노 275ml 4+2기획,5860,4.93
커피,동서식품(주) [맥심] 모카골드 마일드 500g,14680,4.92
커피,빙)잇츠라떼 리치연유 320ml,2200,4.84
커피,네스카페 돌체구스토,7880,4.96
커피,네스카페 돌체구스토 캡슐 룽고 디카페인 112g,2250,4.89
커피,[매일] 바리스타룰스 마다가스카르 바닐라빈라떼 325ml,1500,4.91
커피,[매일] 마이카페라떼 마일드 로어슈거 220ml,27800,4.92
커피,맥심 슈프림골드 커피믹스 150입+20입,82770,4.99
커피,동서식품(주) [맥심]모카골드 마일드 커피믹스 800입(100입x8개),99696,4.96
커피,"동서식품(주) [맥심]모카골드 마일드 커피믹스 1,000입(250입X4개)",7900,4.94
커피,[스타벅스]  돌체구스토 하우스 블렌드,13080,4.86
커피,네스카페 돌체구스토 캡슐 리스트레토 아덴자 112g (7g*16입),7880,4.95
커피,[맥심] 디카페인 커피믹스 20입 240g (12g20입),3980,4.9
커피,[맥심] TOP 스위트 아메리카노 275ml,980,4.95
커피,동서식품(주) 카누 민트초코 라떼 415.2g(24입),8700,4.88
커피,스타벅스 파이크 플레이스 by 네스프레소 캡슐 53g (5.3g x 10개입),7700,4.92
커피,[칸타타] 카라멜 마키아토 (275ml/캔),980,4.89
커피,[스타벅스]  네스프레소 카페 베로나,7700,4.93
커피,[조지아] 고티카 빈티지 블랙 270ml,980,4.9
커피,[매일] 바리스타룰스 스모키 250ml,1750,4.93
제철과일,당도선별 하우스감귤 1.4kg/팩,11900,4.84
제철과일,E-MART FRESH 머루포도 3kg/박스 (4~7입),13800,4.75
제철과일,홍로사과 2.5kg/박스,14900,4.76
제철과일,햇사레 부드러운 복숭아 4~8입내/박스 (1.8kg내외),14900,4.8
제철과일,E-MART FRESH 가을애(愛)감귤 1.8kg/박스,15900,4.73
제철과일,[미국산] 냉동 블루베리 1.5kg/봉,10800,4.89
제철과일,[국산의 힘] 무지개 방울토마토 900g/팩,9900,4.81
제철과일,GAP 영암무화과 16~20입 (1.2kg내외),9900,4.41
제철과일,[미국산] 청포도 900g/팩,8980,4.75
제철과일,당찬사과 4~11입/봉 (1.8kg),11200,4.81
제철과일,더달콤 스테비아 토마토 550g/팩,8900,4.76
제철과일,E-MART FRESH 사과대추 500g/팩,5900,4.77
제철과일,머스크 메론 1통 (1.6kg이상),8980,4.63
제철과일,완숙토마토 6~8입/팩 (1.2kg),7900,4.82
제철과일,대추방울토마토 750g/팩,8900,4.84
제철과일,E-MART FRESH 상주 봉황산포도 3kg/박스,19800,4.68
제철과일,[호주산] 당도선별 로얄 오챠드 네이블 오렌지 1.5kg (5~6입),6980,4.72
제철과일,[필리핀산] Dole 바나나 1.3kg 내외,3980,4.83
제철과일,[페루산] 아보카도 6입/팩 (1.8kg내외),7980,4.8
제철과일,[필리핀산] 델몬트 컷파인애플 540g,6380,4.83
제철과일,[남아공산] 잭슨자몽 5~6입/봉 (1.4kg내외),4980,4.66
제철과일,저탄소인증 햇사과 1.4kg이상/봉,8480,4.84
제철과일,허니토마토 500g/팩,6400,4.76
제철과일,찰토마토 1.2kg/팩,6900,4.76
제철과일,[페루산] 아보카도 1개 (300g내외),1780,4.74
제철과일,달달 과즙 황금향 1.2kg/봉,10900,4.66
제철과일,크리스피 야채믹스칩 180g,5900,4.82
제철과일,[칠레산] 레몬 9~15입/봉 (1.4kg 내외),8980,4.75
제철과일,친환경 토마토 900g/팩,6980,4.71
제철과일,친환경 대추방울토마토 600g/팩,7980,4.71
제철과일,냉동 유기농 블루베리 700g,11980,4.84
제철과일,[페루산] 냉동 애플망고 1.5kg,8980,4.85
제철과일,[페루산] 달콤한 냉동 애플망고 1.2kg,7480,4.87
아이스크림,[롯데] 월드콘 멀티(160ml*5입),4000,4.89
아이스크림,빙그레  투게더  아이스크림 900ml,5490,4.92
아이스크림,[롯데] 셀렉션  아이스크림 500ml,4000,4.88
아이스크림,빙그레  떡붕어싸만코 150ml*5,5000,4.91
아이스크림,[빙그레] 더 엑설런트 오리지널 800ml,6390,4.89
아이스크림,[빙그레] 비비빅 70ml*8,3430,4.9
아이스크림,[빙그레] 메로나 75ml*8,3430,4.9
아이스크림,PEACOCK 피코크 욜로우 민트초코칩 474ml,5980,4.58
아이스크림,빙그레  그라시아 쿠앤크 710ml,4500,4.88
아이스크림,롯데  티코 다크 초코 510ml,5000,4.91
아이스크림,No Brand 노브랜드향긋한바닐라향아이스5L,12980,4.91
아이스크림,[롯데] 티코 밀크 초코 510ml,5000,4.91
아이스크림,[롯데] 스크류바 75mlx6개,3600,4.93
아이스크림,빙그레  빵또아 180ml*5,5000,4.88
아이스크림,[롯데푸드] 구구콘 아이스크림 5개입 800ml (160ml*5입),4000,4.87
아이스크림,하겐다즈 바닐라 아이스크림 946ml(쿼터),22400,4.9
아이스크림,[롯데푸드] 구구 오리지널 460ml (92ml*5입),4000,4.9
아이스크림,구구 크러스터660ml,4000,4.91
아이스크림,하겐다즈 마카다미아넛 473ml 파인트,9660,4.87
아이스크림,나뚜루  녹차 아이스크림 파인트 474ml,11600,4.88
아이스크림,롯데 찰떡아이스90ml*5,6000,4.9
아이스크림,셀렉션 블루베리&샤인머스켓,4000,4.85
아이스크림,No Brand 노브랜드초코칩아이스크림660ml,4180,4.9
아이스크림,롯데 일품 팥빙수,1500,4.88
아이스크림,PEACOCK 피코크 욜로우 녹차 474ml,5980,4.58
아이스크림,하겐다즈 딸기 아이스크림 946ml(쿼터),22400,4.91
아이스크림,상하목장 얼려먹는 아이스크림 밀크 510ml,5980,4.84
아이스크림,상하목장 얼려먹는 아이스주스 망고 510ml,5980,4.93
아이스크림,No Brand 노브랜드 리얼콘바닐라160ml*5,3580,4.77
아이스크림,[롯데] 찰옥수수 700ml(140ml*5개입),6000,4.9
아이스크림,PEACOCK 피코크 유기농 요거트 아이스크림 474ml,7980,4.78
아이스크림,[빙그레] 슈퍼콘 초코 750ml(150ml*5개),4980,4.85
아이스크림,하겐다즈 그린티 아몬드 멀티바 240ml(80ml*3개),12500,4.83
아이스크림,해태아이스크림,3600,4.91
아이스크림,해태 누가바 63ml*6,9800,4.82
아이스크림,[끌레도르]레드카펫 치즈케익 파인트474ml,3600,4.95
아이스크림,PEACOCK 피코크 유기농 바닐라 아이스크림 474ml,7980,4.81
아이스크림,롯데 [롯데삼강] 돼지바 (70ml*6입),3000,4.9
아이스크림,PEACOCK 피코크 유기농 딸기아이스크림 474ml,7980,5.0
아이스크림,[롯데] 조안나 바닐라 850ml,4000,4.9
아이스크림,하겐다즈 딸기 473ml 파인트,12500,4.88
아이스크림,[끌레도르]초코프레첼&브라우니 파인트 474ml,9800,4.71
아이스크림,[해태] 부라보콘 화이트바닐라 140ml*5ea,4000,4.84
아이스크림,No Brand 노브랜드달콤한초코아이스5L,12980,4.9
아이스크림,나뚜루  프렌치아포가또 아이스크림 파인트 474㎖,11600,4.76
아이스크림,[롯데]죠스바 6입,3600,4.93
아이스크림,PEACOCK 피코크 욜로우 바닐라 474ml,5980,4.55
아이스크림,[롯데] 설레임 밀크 쉐이크(160ml*5) 800ml,6000,4.91
아이스크림,하겐다즈 바닐라 473ml 파인트,12500,4.87
아이스크림,No Brand 노브랜드상큼한딸기아이스5L,12980,4.85
아이스크림,하겐다즈 초콜릿 473ml 파인트,12500,4.87
아이스크림,No Brand 녹차아이스크림,3580,4.82
아이스크림,PEACOCK 피코크 욜로우 초코 474ml,5980,4.67
아이스크림,빙빙 초코맛 107g (8.9g*12봉),4980,4.92
아이스크림,No Brand [빙그레] 밀크바,3180,4.83
아이스크림,PEACOCK 피코크 욜로우 딸기 474ml,5980,4.5
아이스크림,[빙그레] 뽕따 멀티 130ml*6,3590,4.95
아이스크림,[롯데] 위즐 커피 초코 퍼지 아이스크림 660ml,4000,4.83
아이스크림,[롯데제과] 칙촉에 빠진 위즐 660ml,4000,4.82
아이스크림,[롯데]조안나 호두850ml,4000,4.89
돼지고기,No Brand 노브랜드냉동삼겹살바로구이1KG(덴마크산),12900,4.88
돼지고기,국내산 삼겹살 구이용 (100g),2880,4.85
돼지고기,국내산 돈목심 구이용 (100g),2880,4.9
돼지고기,No Brand [노브랜드] 냉동 돼지 목심 바로구이 1kg (네덜란드),10900,4.86
돼지고기,국내산 칼집 삼겹살 (100g),3080,4.84
돼지고기,국내산 돈등심 카레용 (100g) (팩),1780,4.92
돼지고기,국내산 삼겹살 찌개용 (100g),2880,4.85
돼지고기,국내산 삼겹살 수육용 (100g),2880,4.81
돼지고기,[냉동][미국산] 소스와 볶아먹는 매콤달콤 제육볶음 (600g),7280,4.86
돼지고기,국내산 돈뒷다리 다짐육 (100g) (팩),980,4.92
돼지고기,국내산 돈앞다리 불고기용 (100g) (팩),1680,4.87
돼지고기,[더느림] 돈앞다리 (100g),1980,4.83
돼지고기,국내산 돈등심 잡채용 (100g) (팩),1780,4.9
돼지고기,국내산 돈뒷다리 불고기용 (100g) (팩),980,4.88
돼지고기,[맥돈] 돈앞다리 (100g),1980,4.85
돼지고기,[더느림]  삼겹살 (100g),3180,4.83
돼지고기,No Brand [노브랜드][냉동] 감자탕용 등뼈 (1.5kg),4980,4.86
돼지고기,[도드람] 더 느림 돼지 등갈비 (100g),4080,4.87
돼지고기,국내산 돈등심 돈까스용 (100g) (팩),1780,4.89
돼지고기,[더느림] 돈목심 (100g),3180,4.9
돼지고기,국내산 돈안심 장조림용 (100g) (팩),1780,4.92
돼지고기,[냉동] 국내산 삼겹살 (800g),17480,4.74
돼지고기,국내산 돈앞다리 수육용 (100g) (팩),1680,4.85
돼지고기,국내산 돈등심 탕수육용 (100g) (팩),1780,4.88
돼지고기,국내산 두툼 삼겹살 구이용 (100g),2880,4.86
돼지고기,[날씬] 삼겹살 구이용 (100g),3180,4.81
돼지고기,[날씬] 돈앞다리 (100g),1980,4.81
돼지고기,국내산 Slim 삼겹살 구이용 (100g),2980,4.82
닭고기,"No Brand [노브랜드][냉동] 닭가슴살 (1,000g)",5900,4.93
닭고기,"No Brand [노브랜드][냉동] 닭안심 (1,000g)",5900,4.92
닭고기,"[하림] 무항생제 닭 (볶음탕용) (1,000g)",6980,4.92
닭고기,[하림] 무항생제 닭다리살 (정육) (400g),7180,4.93
닭고기,대림 사조안심 닭가슴살 블랙페퍼 100g,1980,4.92
닭고기,[하림] 무항생제 두마리 영계 1kg (500g*2),8280,4.89
닭고기,"[마니커][냉동] 무항생제 닭가슴살 (1,000g)",6580,4.9
닭고기,CJ 더건강한 닭가슴살 직화 통살구이 100g,2980,4.92
닭고기,[하림] 무항생제 닭가슴살 (400g),5280,4.92
닭고기,[하림] 무항생제 닭안심 (400g),5880,4.94
닭고기,CJ 더건강한 닭가슴살 직화 스테이크 100g,2980,4.87
닭고기,[대림]사조안심 닭가슴살 훈제 100g,1980,4.88
닭고기,[하림] 무항생제 닭다리 (북채) (400g),6380,4.93
닭고기,하림 닭가슴훈제100g,2080,4.85
닭고기,[마니커][냉동] 무항생제 닭봉 (800g),8980,4.88
닭고기,[하림] 무항생제 닭 (백숙용) (800g),6780,4.92
닭고기,"[마니커][냉동] 무항생제 닭안심 (1,000g)",6880,4.91
닭고기,교촌1991 [BEST Fresh][교촌] 닭가슴살/소시지/볶음밥 균일가★사은품 증정,5900,4.92
닭고기,[마니커][냉동] 초간단 닭발 (250g),4780,4.88
닭고기,[마니커][냉동] 무항생제 닭윙 (800g),8980,4.89
닭고기,[마니커] 무항생제 닭 (볶음탕용) (800g),5480,4.9
닭고기,맛있닭 [BEST Fresh]맛있닭 닭가슴살 꿀조합 세트 (총 14팩),21805,4.81
닭고기,삼립 닭가슴살 슬라이스 블랙페퍼 400g,6980,4.79
닭고기,"[우리땅] 토종닭 (백숙용) (1,050g)",9980,4.86
닭고기,[마니커][냉동] 초간단 근위 (330g),4580,4.86
닭고기,교촌1991 [BEST Fresh][교촌] 치킨 맛집 교촌의 닭가슴살 골라담기★사은품 증정,990,4.94
닭고기,[하림] 프리미엄하얀속살햄100g3,5800,4.89
닭고기,"[우리땅] 토종닭 (볶음탕용) (1,000g)",9980,4.77
닭고기,PEACOCK [피코크] 매운 바베큐 닭다리 165g,2980,4.88
닭고기,테미즈 [BEST Fresh][두메산골]당일손질 냉장 닭다리살(정육)1kg+1kg(2kg),19900,4.8
닭고기,[마니커] 무항생제 닭다리 (북채) (600g),6880,4.89
닭고기,에그파파 [BEST Fresh]에그파파 100% 국내산 신선 냉장 닭가슴살 1kg,4900,4.86
닭고기,[하림] 매콤한 뼈없는 닭발 (300g),7880,4.56
닭고기,하림 [냉동] ★신제품★ 하림e닭 촉촉함이 살아있는 닭가슴살 원물/소시지/스테이크/큐브 18종 골라담기,1890,4.76
닭고기,오븐에빠진닭 [오빠닭] 닭가슴살/볶음밥/소시지 전제품 1팩 골라담기+사은품 증정,990,5.0
닭고기,[마니커] 무항생제 닭윗날개 (봉) (600g),6880,4.9
닭고기,수월한 [BEST Fresh][냉동]닭다리 순살 조각정육 2kg,11900,4.79
닭고기,[소래][냉동] 무항생제 오골계 (950g),10980,5.0
닭고기,맛있닭 닭가슴살 이번엔 꼭뺀닭 세트 (총10팩),15931,4.87
닭고기,[마니커] 닭근위 (400g),3180,4.89
닭고기,[마니커] 무항생제 닭아랫날개 (윙) (600g),7180,4.95
닭고기,친환경 닭안심 다짐육 (50gx6),8980,4.86
닭고기,하림 [냉동] 하림이닭 촉촉함이 살아있는 닭가슴살 저염 블랙페퍼 100g 10개,17100,5.0
우유,[서울우유] 서울우유 1000ml 나100%,2540,4.94
우유,[서울우유] 서울우유 2.3L,5380,4.95
우유,매일유업 [매일] 우유 오리지널 후레쉬팩 900ML*2,4680,4.95
우유,[서울우유] 목장의 신선함이 살아있는 우유 1L,2970,4.94
우유,PEACOCK 피코크 에이 클래스 우유 2.3L (1A등급)(남양유업),4624,4.88
우유,[서울우유] 후레쉬 밀크 기획(900ml*2) 1800ml,4450,4.95
우유,매일유업 [매일] 소화가 잘되는 우유 930ml,3140,4.94
우유,서울우유 1.8L,4670,4.94
우유,PEACOCK 피코크 더 클래스 우유 900ml (1등급)(남양유업),1888,4.88
우유,남양유업 맛있는우유GT 멸균 200ml*24,10980,4.91
우유,No Brand [노브랜드] 1A 우유 900mL,1880,4.92
우유,[매일] 소화가 잘되는 저지방 우유 930ml,3140,4.94
우유,[서울우유] 저지방 우유 (1L2개),3980,4.93
우유,남양유업 [남양] 맛있는 우유 GT 900ml×2,4750,4.94
우유,[빙그레] 바나나맛 우유(240ml4개) 960ml,4570,4.94
우유,"No Brand 노브랜드 굿모닝 굿밀크1,000ml",1480,4.94
우유,[서울우유] 저지방 우유 1800ml,4800,4.92
우유,파스퇴르 후레쉬 우유 2입(900ml*2),5280,4.93
우유,매일유업 [매일] 아몬드브리즈 오리지널 950ml,2780,4.91
우유,매일유업 매일 오리지널  900ml,2470,4.95
우유,[덴마크] 대니쉬 the건강한우유(900ml*2) 1800ml,4180,4.93
우유,[서울우유] 서울우유 (200ml*3개),2300,4.95
우유,매일유업 [매일] 소화가 잘되는 멸균우유 (190ml16),11180,4.94
우유,매일유업 매일우유 저지방 1% 멸균(200mL X 24입),11700,4.92
우유,매일유업 [매일] 우유 저지방2% 후레쉬팩 900ML*2,4480,4.94
우유,서울 커피우유 200ml*3입,2330,4.93
우유,남양유업 [남양] 고소한 저지방우유 900ml*2,4280,4.91
우유,서울 초코우유 200ml*3입,2330,4.95
우유,[서울우유] 저지방 우유 2.3L,6150,4.94
우유,[빙그레] 바나나맛 우유 Value 6팩(240ml*6개) 1440ml,6480,4.94
우유,[서울우유] 목장의 신선함이 살아 있는 저지방 1L,3050,4.93
우유,[빙그레] 바나나 스페셜(240ml*6개) 1440ml,6480,4.93
우유,[파스퇴르] 후레쉬우유(200ml*3입) 600ml,2380,4.95
우유,매일유업 [매일] 오리지널(200ml*3개) 600ml,1980,4.95
우유,상하목장 유기농우유 900ml,4380,4.95
우유,서울 뼈에쏙쏙 고칼슘우유 2입,4480,4.91
우유,[파스퇴르] 파스퇴르 우유 2.3L,6670,4.94
우유,서울 딸기우유 200ml*3입,2330,4.94
우유,매일유업 매일 저지방 1% 900mL,2180,4.92
우유,[푸르밀] 고칼슘 저지방 우유(900ml*2) 1800ml,3980,4.92
우유,매일유업 커피속에 모카 300ml 3입 기획,2980,4.91
우유,매일유업 [매일] 소화가잘되는우유 멸균 (190ml*6입),5380,4.93
우유,서울우유 그린라벨 (1L*2입),5880,4.89
우유,매일유업 [매일] 우유 무지방 0% 후레쉬팩 900ml,2470,4.89
우유,푸르밀 고칼슘 저지방 소화 잘되는 우유 900ml*2입,3880,4.8
우유,[파스퇴르] 후레쉬 우유 1.8L,5580,4.94
우유,남양유업 [남양] 고소한 락토프리 우유 900ml,2980,4.91
우유,매일유업 [매일] 허쉬 쵸콜렛 드링크(235ml*4개) 940ml,3480,4.94
우유,서울우유 그린라벨 1L,3280,4.87
우유,서울 저지방 우유 200ml*3입,2300,4.9
우유,매일유업 바나나는 하얗다 멀티 235ml*4,2980,4.88
우유,[덴마크] 대니쉬 the건강한 저지방우유 1.8L,4150,4.89
우유,파스퇴르 후레쉬우유 900ml,3380,4.94
우유,아몬드브리즈 오리지널 190ml*6입,4320,4.97
우유,서울우유 밀크랩 고단백저지방우유 900ml,3050,4.9
우유,매일유업 매일우유 저지방 1% 1.5L,3880,4.94
우유,남양 맛있는우유GT 슈퍼밀크 900ml*2,4980,4.9
우유,상하목장 유기농 저지방우유 900ml,4380,4.93
우유,[빙그레] 바나나맛 우유 라이트(240ml4개) 960ml,4600,4.92
우유,상하목장 유기농 우유 750ml,4880,4.92
우유,상하 무항생제 저온살균 우유 저지방 900ml,3500,4.9
우유,오틀리 오트 드링크 초콜릿맛 1L,6880,4.83
우유,남양유업 [남양] 맛있는 우유 2.3L,5800,4.92
우유,상하목장 유기농 딸기우유 500ml (125ml*4입),4200,4.97
우유,CHAOKOH UHT 코코넛 밀크 500ML,2680,4.75
우유,아몬드브리즈 언스위트 190ml x 6입,4320,4.95
우유,서울우유 흑임자우유 750ml,2480,4.89
우유,남양유업 [남양] 맛있는우유 GT 900ml,2520,4.91
우유,[Nestle] 네스퀵 초콜릿맛 드링크(180ml*4입) 720ml,3680,4.93
우유,상하목장 유기농 바나나우유 500ml (125ml*4입),4200,4.97
우유,아몬드브리즈 프로틴 190ml*6입,5180,4.89
세제,[유한] 펑크린 (1.5ℓ + 200ml),2990,4.93
세제,No Brand [노브랜드] 더 경제적인 주방 세제 4L,4580,4.89
세제,다우니 고농축 섬유유연제 엑스퍼트 2L(실내건조),11900,4.92
세제,비트 트리플 액션 2.8L,6950,4.92
세제,프릴 맑은 식초 750ML(상큼한라임),6500,4.9
세제,리큐 진한겔 베이킹소다 2.7L 드럼,11900,4.93
세제,테크 베이킹구연산 2.4L*2 겸용,11900,4.91
세제,[유한락스] 레귤러 3.5L,5930,4.93
세제,퍼실 파워젤 2.7L 드럼,23800,4.92
세제,LG생활건강 아우라 섬유유연제 2.6L(윌유메리미),13900,4.93
세제,[홈스타] 락스와 세제 후로랄 파인 (750ml),3900,4.92
세제,프릴 맑은 식초 750ML(산뜻한자몽),6500,4.92
세제,프릴 맑은 식초 상큼한 라임향 1L,6500,4.88
세제,No Brand 노브랜드 깨끗한 락스4.3L,3380,4.93
세제,LG생활건강  한입 과탄산소다 2KG,6900,4.92
세제,자연퐁 주방세제 오렌지 1570ML,4450,4.92
세제,[홈스타] 욕실세정용 900ML,6900,4.89
세제,LG생활건강  한입 베이킹소다 4KG,6900,4.92
세제,테크 울드라이 1.3L 리필,3900,4.92
세제,참그린 주방세제 매실 1.2L 스파우트리필,2490,4.9
세제,[유한락스] 레귤러 500ML,1190,4.93
세제,리큐 진한겔 베이킹소다 2.7L(일반),11900,4.91
세제,테크 분말세탁세제 4KG,7900,4.91
세제,LG생활건강 테크 특유취제거 2.7L 드럼,9900,4.83
세제,프릴 맑은 식초 1L(산뜻한자몽),6500,4.92
세제,[유한락스] 후레쉬 락스 1.5L,3410,4.93
세제,백광 파워 트래펑 2L,4500,4.9
세제,홈스타 변기세정제40G X 4P,3300,4.85
세제,LG생활건강 아우라 섬유유연제 2.6L(스모키머스크),13900,4.93
세제,홈스타 싱크대배수관 세정제(1회분),7900,4.83
세제,홈스타 버블워시 세탁조 클리너 100G*2,3900,4.88
세제,[애경] 울샴푸 오리지널 리필 1.8L,5700,4.92
세제,LG생활건강 테크 특유취제거 2.7L 일반,9900,4.86
세제,다우니 퍼퓸 초고농축 섬유유연제 2L(블랙 미스티크),11900,4.91
세제,다우니 프리미엄 액체형 세제 1.7L(실내건조),11200,4.91
세제,비트 EX 분말세탁세제 4KG,8900,4.91
세제,[홈스타] 뿌리는 곰팡이 싹 900ml,6900,4.88
세제,[유한락스] 곰팡이 제거제 900ML*2,6900,4.9
세제,유한젠 과탄산소다 2KG,8600,4.93
세제,다우니 초고농축 섬유유연제 2.6L(퍼플 화이트티와 릴리 향),11500,4.94
세제,다우니 퍼퓸 초고농축 섬유유연제 2L(코튼 퓨어 러브),13800,4.91
세제,헨켈 퍼실 파워젤 1.5L*2 드럼,19400,4.92
세제,LG생활건강 아우라 섬유유연제 2.6L(홀리데이판타지),13900,4.88
세제,헨켈 퍼실 파워젤 1.5L*2 일반,19400,4.92
세제,No Brand [노브랜드] 화장실 세정제 750ML,2280,4.88
세제,[유한락스] 유한락스 1.8L,3830,4.94
세제,헨켈 퍼실 라벤더 2.7L(드럼용),23800,4.93
세제,[홈스타] 락스와세제 750ml (시트러스),3900,4.9
세제,프릴 베이킹소다 퓨어레몬 1L,7500,4.9
세제,No Brand [노브랜드] 액체세제 용기 2.5L(일반용),4980,4.9
세제,메소드 주방세제 리필1000ml(레몬민트),4940,4.93
세제,No Brand 파워 배수관세척제2L,3280,4.9
세제,다우니 프리미엄 세탁세제 2L(실내건조),12900,4.92
세제,홈스타 세면대 배수관 클리너,7900,4.86
세제,LG생활건강 피지 파워젤 세제 프레쉬2.7L,12900,4.91
세제,LG생활건강  한입 구연산 2KG,6900,4.92
세제,No Brand 노브랜드 표백비누 450g,980,4.88
세제,샤프란 아로마 리필 2.1L_구연산,2750,4.93
세제,바르는 비트 220ml,3490,4.9
세제,비트 실내건조 분말세탁세제 4.2KG,8900,4.9
세제,자연퐁 스팀워시 식기세척기세제 55입,13700,4.84
세제,다우니 퍼퓸 초고농축 섬유유연제 2.6L(블랙 미스티크),16400,4.94
세제,암앤해머 쉐이커주방세척제400G,2700,4.94
세제,유한락스 세탁조세정제 500ML,2700,4.92
세제,아우라 건조기시트 120매(윌유메리미),15900,4.95
세제,자연퐁 소취 자몽오렌지 주방세제 490ML,3190,4.92
세제,흑미 주방세제 기획 (940ml*2),6900,4.91
세제,홈스타 바이럭스 욕실용 세정제 750ML,5800,4.88
세제,유한 플러스세제755ML,3290,4.91
세제,다우니 퍼퓸 초고농축 섬유유연제 2.6L(코튼 퓨어 러브),16400,4.94
세제,퍼실 퓨어프레쉬 딥클린 용기 2.7L (드럼),10049,4.88
세제,No Brand 노브랜드 속옷비누 150g,780,4.88
화장지,No Brand 노브랜드 도톰한 물티슈 100매,980,4.93
화장지,크리넥스 3겹 데코&소프트 30m*30롤,19900,4.92
화장지,No Brand 노브랜드 키친타올 200매*6롤,4900,4.93
화장지,No Brand [노브랜드] 깨끗한 물티슈 100매,880,4.88
화장지,크리넥스 울트라클린 화이트 비데 3겹 30m*30롤,20748,4.9
화장지,크리넥스 순수소프트내추럴 3겹 30m*30롤,18900,4.9
화장지,[코디] 순한 3겹데코 33m*30롤,16800,4.88
화장지,크리넥스 키친타월 150매*6롤,4950,4.91
화장지,크리넥스 디럭스미니 카카오230매6입,8112,4.9
화장지,크리넥스 실크소프트 미용티슈 230매 *6입,9810,4.91
화장지,크리넥스 마이비데 물티슈 42매*6입,12150,4.92
화장지,깨끗한나라 물티슈100매6입(캡형),9900,4.92
화장지,[크리넥스] 내츄럴소프트 미용티슈 270매6입,15500,4.92
화장지,그루 키친타올 230매*4입,3980,4.91
화장지,[코디] 키친타올 150매*6롤,7600,4.91
화장지,크리넥스 뽑아쓰는키친타올140매*4입,9720,4.91
화장지,깨끗한나라 순수 시그니처 4겹 25m*30롤,27900,4.87
화장지,코디  데코레이션 화장지 45m*30롤,16800,4.77
화장지,깨끗한나라 99.9% 손소독물티슈60매(캡),3900,4.89
화장지,크리넥스 안심 프리미엄 3겹 키친타올 140매x4롤,5900,4.9
화장지,코디 뽑아쓰는 키친타월 150*4,5890,4.94
화장지,깨끗한나라 키친타올150매4+4입(2겹),5900,4.9
화장지,크리넥스 3겹 더건강한케어 30M*30롤,35900,4.71
화장지,크리넥스 마이비데 물티슈(캡) 46매*4입,9810,4.92
화장지,크리넥스 내추럴소프트 숲속향 250매6입,11900,4.89
화장지,이마트24 민생화장지 3겹 27M *30롤,8900,4.86
화장지,[코디] 내추럴 미용티슈 230매*6입,10800,4.89
화장지,(36롤 특가할인) 코디 비데&클린 화장지 30m*36롤,15900,4.89
화장지,크리넥스 안심물티슈60매(캡),2600,4.89
화장지,깨끗한나라 아이리스 30M 30롤,16500,4.89
화장지,그루3겹데코 33M30롤,13900,4.84
화장지,이마트24 민생화장지 3겹 40M *12롤,5300,4.88
화장지,[코디] 울트라 슈퍼 스트롱 키친타올 130매*6롤,8500,4.9
화장지,코디 에코그린 화장지 30m*30롤,11250,4.9
화장지,코디 (친환경인증) 에코 화장지 30m&times;30롤 2팩 (무료배송),21500,4.86
화장지,베베숲 퓨어 물티슈 80매*10입(캡),12900,4.9
화장지,크리넥스  여행용티슈 카카오프렌즈 70매3입,2300,4.93
화장지,No Brand [노브랜드] 스마트 키친타올 150매*12롤,6780,4.81
화장지,라인프렌즈 여행용 미용티슈 70매*3입,1700,4.9
화장지,이마트24 [민생] 맑은물티슈 100매(캡형),800,4.78
화장지,코디 베이지 소프트 30mX30롤,25800,4.86
화장지,SHYRILLA 샤이릴라 미니 미용티슈 250매*6입,6900,4.92
화장지,코디 3겹 순백33m*30롤,15800,4.89
화장지,No Brand 노브랜드 키친타월 230매*4롤,3880,4.92
화장지,코디 해피퍼피 미용티슈 250매*6입,11900,4.91
화장지,크리넥스  뉴 수앤수 실키소프트 오리지날캡 70매 6입,12900,4.88
화장지,진로두꺼비 천연펄프 화장지 30m*30롤,12900,4.79
화장지,No Brand 노브랜드 스마트 미용티슈 200매*4입,3780,4.9
화장지,크리넥스 안심 손소독티슈 30+2매,2100,4.83
화장지,깨끗한나라 촉앤감케어 3겹 30m*30롤,19900,4.9
화장지,"코디 고창황토(특허받은 화장지)30m X 30롤 2팩(천연펄프, 무료배송)",33500,4.9
화장지,더도톰한 리트리 물티슈(캡) 100매6입,13900,4.92
화장지,No Brand [노브랜드] 로션 미용티슈 200매*3개입,4480,4.89
화장지,이마트24 [민생]한아름 물티슈 200매(캡형),1500,4.79
화장지,이마트24 민생 미용티슈 250매×3입,3500,4.8
화장지,크리넥스 수앤수 20매 카카오(색상랜덤발송),1100,4.92
화장지,No Brand 노브랜드 도톰한 3겹 키친타월 150매*4롤,4880,4.9
화장지,유한킴벌리 크리넥스 3겹 천연펄프 데코&소프트 화장지 37M-24롤x2팩,37900,4.83
화장지,크리넥스 마이비데 카카오 캡 40매,2000,4.92
화장지,크리넥스 마이비데 키즈 캡 42매x4,10900,4.95
화장지,크리넥스 수앤수 코튼클린 오리지널캡 80x6 (택배배송),12900,4.82
화장지,크리넥스 마이비데 밸런스케어 10매x4,3000,4.92
화장지,깨끗한나라 페퍼민트 물티슈(캡) 80매*4입,6210,4.95
화장지,브라운 프리미엄물티슈72매*6입(캡),11900,4.9
화장지,깨끗한나라 라인프렌즈물티슈60매(캡),1500,4.89
화장지,유한킴벌리 크리넥스 3겹 천연펄프 데코&소프트 화장지 27M-30롤x2팩,36500,4.78
화장지,깨끗한나라 깨끗한물티슈 캡 80매*6입,13900,4.91
화장지,깨끗한나라 라인프렌즈 휴대용 20매,1000,4.92
화장지,No Brand [노브랜드] 빨아쓰는 행주(30매),3380,4.91
화장지,코디 시카 로션 티슈 200*4,7490,4.94
화장지,크리넥스 (전국택배) 크리넥스 순수소프트내추럴 3겹 30m*30롤[NEO.2],18900,4.87
뷰티케어,아로마티카 티트리 포어 퓨리파잉 세럼 30ml,14500,4.93
뷰티케어,세타필로션 591ml+(29ml*2),13900,4.91
뷰티케어,[클린앤클리어] 훼이셜 포밍클렌져 150ml,7200,4.91
뷰티케어,"스킨푸드 캐롯 카로틴 카밍 워터 패드(당근패드)(250g, 60매)",24700,4.92
뷰티케어,뉴트로지나 데일리 바디 로션 450ml,17900,4.9
뷰티케어,해피바스 어성초 모공 클렌징폼 200G,3900,4.88
뷰티케어,프로폴리테라 머스크향 바디로션 500ml,15900,4.71
뷰티케어,No Brand 노브랜드 데일리 모이스처 바디로션500ml,3800,4.82
뷰티케어,일리윤 세라마이드 아토 로션 528ML,12900,4.93
뷰티케어,벨먼 프로폴리테라 고보습 바디로션 자스민향 500mL,15900,4.67
뷰티케어,니베아 퓨어앤내추럴 바디 로션 400ml,4900,4.89
뷰티케어,"스웨덴 에그팩 [공식] 오리지널 스웨덴 에그팩 50g*6개입 (지성용, 민감성용)",17100,4.86
뷰티케어,라이프보이 손소독제 500ml,3120,4.84
뷰티케어,아로마티카 수딩 알로에 베라 젤 300ml,7380,4.7
뷰티케어,피지오겔 DMT 크림 150ml+로션5ml+클렌징젤30ml,26265,4.94
뷰티케어,[클린앤클리어] 딥 액션 폼클렌져,8900,4.91
뷰티케어,[아트릭스] 핸드 앤드 네일 로션 (400ml),5450,4.86
뷰티케어,[이마트가 직접 수입한]아이보리비누 90g*3입,3150,4.88
뷰티케어,니베아 스무드 바디 로션 400ml,13900,4.9
뷰티케어,존슨즈_핑크 로션 500ml+200ml,19900,4.87
뷰티케어,피지오겔 DMT 로션 200ml+클렌징젤30ml,21080,4.94
뷰티케어,[뉴트로지나] 바디오일 250ml,11130,4.87
뷰티케어,SCINIC [SSG단독] 싸이닉 퍼스트 에센스 대용량 215ml 1+1,15200,4.85
뷰티케어,세안전과 락토-세라마이드 클렌징폼 150ml,4900,4.62
뷰티케어,해피바스 라이스 보습 클렌징폼 200G,3900,4.82
뷰티케어,센카 퍼펙트 휩 페이셜워시,8900,4.92
뷰티케어,피지오겔 DMT 크림 150ml X 2개+AI크림20ml+클렌징젤30ml,52530,4.95
뷰티케어,랩신 V3 새니타이저 겔 500ml,6900,4.86
뷰티케어,뉴트로지나 인텐스 리페어 시카 에멀젼 310ml,12500,4.94
뷰티케어,니베아 익스프레스 바디 로션 400ml,4900,4.87
뷰티케어,일리윤 세라마이드아토로션350ML,11900,4.89
뷰티케어,한스킨 [SSG BEST] 한스킨 클렌징오일&블랙헤드 + GIFT(클렌징오일샘플/클렌징파우더/해면스펀지),16650,4.84
뷰티케어,온더바디 더내추럴 순한 아보카도 클렌징폼 200,3950,4.89
뷰티케어,온더바디 물결세안 버블폼클렌저 산뜻400ml,6950,4.9
뷰티케어,일리윤 진정스민 어성초 마스크팩 7매,5500,4.88
뷰티케어,센카 퍼펙트 휩 페이셜워시,16000,4.93
뷰티케어,피지오겔 DMT 크림150ml,26420,5.0
뷰티케어,[무궁화] 허니&율피 때비누,1050,4.91
뷰티케어,온더바디 쉐어버터 바닐라 바디로션 1000ml,12900,4.87
뷰티케어,니베아 바디 오일 로션 로즈 앤 아르간 오일,8450,4.86
뷰티케어,니베아 바디 오일 로션 체리 블로썸 앤 호호바 오일,8450,4.82
뷰티케어,아이오페 스템Ⅲ 앰플 50ml,68000,5.0
뷰티케어,일리윤 연꽃수분마스크기획 10매,4950,4.84
뷰티케어,온더바디 더내추럴 촉촉한 올리브 클렌징폼 200,3950,4.87
뷰티케어,SCINIC [1+1] 싸이닉 아보카도 폼 대용량 250ml,14364,5.05
뷰티케어,해피바스 대나무숯 피지흡착 클렌징폼 200G,3900,4.77
뷰티케어,해피바스 코튼플라워 바디로션 450ML,4900,4.85
뷰티케어,일리윤 오일스무딩바디로션 350ml,9900,4.91
뷰티케어,[아비노] 스트레스 릴리프 모이스춰라이징 로션 354ml,19900,4.87
뷰티케어,밀크바오밥 모이스트 바디로션 화이트머스크 400ml,6320,4.67
뷰티케어,카밀  핸드&네일 크림 클래식_100ml 1+1,7650,4.96
뷰티케어,F3 에스라인 사포 발각질 제거기,4500,4.87
뷰티케어,안나홀츠 리터폼 순한 대용량 일리터 폼클렌징 1000ml 거품 저자극 세안제 클렌징폼,23750,5.0
뷰티케어,밀크바오밥 모이스트 바디로션 베이비파우더 400ml,6320,4.85
뷰티케어,밀크바오밥 모이스트 바디로션 화이트솝 400ml,6320,4.9
뷰티케어,해피바스 체리블라섬 바디로션 450ML,4900,4.84
뷰티케어,스파 히말라야 핑크쏠트 클렌징 폼 200G,7900,4.79
뷰티케어,해피바스 스킨유 크림 바디로션 400g,12900,4.93
뷰티케어,해피바스 퍼펙트 딥 씨솔트 클렌징폼 150g,5500,4.89
뷰티케어,해피바스 비타민 C 히알루론 딥 클렌징 폼 500ml,11900,4.97
뷰티케어,라이스테라피 쌀눈 맑은 버블폼 300ml,6900,4.88
뷰티케어,피지오겔 DMT 바디로션 400ml,25925,4.89
뷰티케어,온더바디 발을씻자 코튼 풋샴푸 385ml,9900,4.93
뷰티케어,온더바디 쉐어버터 코튼 바디로션 1000ml,12900,4.86
뷰티케어,세타필 진정 젤크림 226g,13900,4.33
뷰티케어,뉴트로지나 인텐스리페어 풋크림 56G,8900,4.92
뷰티케어,수려한 [쇼핑백증정]수려한 보윤 크림 1.5종 기획세트,40000,4.74
뷰티케어,성분에디터  시어버터 아기발 스틱 3개 +사은품 증정,19900,4.6
뷰티케어,[무궁화] 5곡 때비누,1050,4.92
뷰티케어,바이오더마 하이드라비오 토너 250ml x2,32319,4.92
뷰티케어,바디판타지 [1+1]바디판타지 향기 바디로션 207ml,12720,4.89
뷰티케어,피지오겔 DMT 바디로션 400ml X 2개,51850,4.92
뷰티케어,[뉴트로지나] 딥클린 클렌징오일 200ml,17900,4.82
뷰티케어,드봉 스위트로즈 비누 100g*4입,3450,4.86
뷰티케어,일리윤 영양스민 꿀 마스크 7매,5500,4.86
뷰티케어,마몽드 로즈워터/아쿠아필/센텔라/캐모마일/포어 토너 250ml x 2 (옵션),15000,4.8
뷰티케어,해피바스 비타민 C 메이크업 클렌징 오일 투 폼 500ml,11900,4.78
뷰티케어,피지오겔 DMT 로션 200ml,21204,4.82
뷰티케어,니베아 인샤워 바디로션 나리싱_400ml (건조한피부용),13900,4.94
뷰티케어,아토팜 수딩 젤 로션 120ml,12000,4.85
뷰티케어,라벤더 데일리 모이스춰 오일 인 로션,4900,4.85
뷰티케어,니베아 리페어 & 케어 리치 바디 크림 300ml,13900,4.91
뷰티케어,니베아 [아트릭스] 스트롱 프로텍션 크림 250ml,5700,4.91
뷰티케어,해피바스 시어버터 모이스춰 로션 1000ml,9900,4.81
등산용품,트렉스타  코브라 GT 900/시티화/최신형/경등산화/트레킹화/매장 정품 AS보장,80750,4.86
등산용품,트렉스타 프리미엄 어코드 3단 초경량 등산스틱 2개 1세트 + 케이스 - 2021년형,31410,4.89
등산용품,"도이터 몰타자켓(남)_2.5레이어 발수,투습 자켓",49000,5.0
등산용품,1+1행사/한장사면 한장더/봄신상 원턱 스판등산바지/남자등산복 작업복 남자스판바지/빅사이즈/28-46/남성/팬츠/정장바지/슬렉스/일자바지/기지/기능성/링클프리,18810,4.57
등산용품,도이터 타트팬츠(남),19000,5.0
등산용품,[트렉스타 본사] 보아다이얼 남성용 컴포트 워킹화 리옹,89000,4.0
등산용품,웨스트우드 남성 흡습속건 긴팔 라운드티 기본티셔츠 작업티셔츠,12350,4.67
등산용품,트렉스타 [트렉스타 본사] 가볍고 튼튼한 보아다이얼 트레킹화 휴고 HUEGO,79000,4.73
등산용품,파라고나(paragona) [무료배송]남녀공용 30수 라운드 무지 티셔츠 8종,3500,5.0
등산용품,스탠리  어드벤쳐 진공 스타인 709ml U,24650,5.0
등산용품,디스커버리(discovery) 디스커버리 NC13 빅터 하이퍼니트 1.0 DXSH10931 (S7115887),26999,4.84
등산용품,노스페이스(NORTHFACE) [노스페이스]화이트라벨 스피드 플러스 보아_NS97M05A,89100,5.0
등산용품,캠프라인  블랙스톰시그마/중등산화/고어텍스등산화 등산화/트레킹화,240000,5.0
등산용품,콜핑 간절기 여성 바지 균일가 모음전,9702,5.0
등산용품,카멜백 울트라 프로 베스트 34oz - Graphite Sulphur Spring,125000,5.0
등산용품,SUPERFEET  인솔 슈퍼핏 그린,34300,4.86
등산용품,디스커버리(discovery) 디스커버리 여성 밀포드 다운자켓 DWDJ7B861_일산점,80550,4.41
등산용품,아크테릭스 [국내/무료배송] 아크테릭스 인덱스 15 BAGPACK 18283,90950,5.0
등산용품,블랙야크조끼/네파조끼/등산조끼/작업조끼/낚시조끼/100%정품,39000,5.0
등산용품,트렉스타 어코드 3단 등산스틱 2개 1세트 + 스틱케이스 - 2021년형,33155,5.0
등산용품,이지바이 완전편하진 남성 중년의 인생핏 작업바지 일상복 데님 청바지(AJ12LP051M),20900,4.43
등산용품,피크나인 RSPT08179 여름 등산바지 남성 작업복 남자 하의팬츠,16830,5.0
등산용품,남성 네이쳐(NATURE) 등산 라운트 티 ML3BMMRH832(NAVY),22500,5.0
등산용품,레드페이스  여성 메쉬 스트라이프 후디 자켓-REWFJKM18750,19000,4.75
등산용품,디스커버리(discovery) 디스커버리자켓 KQJ 테크 남성 플리스 하이넥 자켓 DMSS73061 BE,161100,5.0
등산용품,레드페이스 DP01 프린트우먼재킷 REWFJKF21151 (S7489554),128478,5.0
등산용품,네파[NEPA] [네파]공용 모멘텀 트레일워킹화_7HE7626-199,152100,4.91
등산용품,사츠 正品 미니 망원경 8배율 휴대용 쌍안경 야구 스포츠관람 뮤지컬 공연 등산 캠핑 레저,22050,4.67
등산용품,제이큐 남녀 TC 무지 바람막이 빅사이즈 LM5021 LM5033,54350,4.44
등산용품,레드페이스 등산화18 콘트라 슈퍼패브릭 미드 등산화 RESGMCX18100(브라운),127880,5.0
등산용품,디스커버리(discovery) DISCOVERY키즈긴팔티 KQJ 백면 로고 맨투맨 DKMT33041 MD,45310,5.0
등산용품,"머렐 남성 조커 팬츠 50%할인 5220PT114,115 NC순천_순천점",44550,5.0
등산용품,도이터 이마트 성수점,100000,5.0
등산용품,블랙야크 YAK-500D 안전화 6인치 다이얼 블랙-,75230,5.0
등산용품,파쉬 [국내배송]파쉬 보온물주머니 노커버 양면 다이아몬드  블루 2.0L,10670,4.67
등산용품,레드페이스  남녀공용 콘트라위브등산화-RESGLCX19100,113050,5.0
등산용품,슈나이더 여성 이비스 카라 티셔츠 SC2F3ST86,3870,5.0
등산용품,바주카 [바주카(bazooka)] 힙플라스크 사각 300ml (깔대기포함)세트,17100,5.0
등산용품,카멜백 크럭스 리져버 물백 1.5L,46800,5.0
등산용품,이지바이 군살철통핏 여성 와이드 밴딩 치마바지(V22LP029M),10900,4.74
등산용품,레드페이스 포스 플렉스 요꼬칼라 티셔츠REWMTSF20211,27550,4.86
등산용품,스탠리 GO 진공 슬림 보틀 280ml 보온보냉 텀블러,27000,4.0
등산용품,트라이탄 루프통 1.0리터 수통,17100,4.29
등산용품,아이비  냉풍조끼 W-A2006 (흰색),82824,5.0
등산용품,등산용품/캠핑용품/아이젠/힙색/등산스틱,2400,5.0
등산용품,작업양말 국산 이중바닥 남녀장단목,637,4.33
